<?xml version="1.0"?>

<valgrindoutput>

<protocolversion>4</protocolversion>
<protocoltool>memcheck</protocoltool>

<preamble>
  <line>Memcheck, a memory error detector</line>
  <line>Copyright (C) 2002-2017, and GNU GPL'd, by Julian Seward et al.</line>
  <line>Using Valgrind-3.15.0 and LibVEX; rerun with -h for copyright info</line>
  <line>Command: /home/roua/Downloads/monopoly_versionSDL/monopoly/bin/Debug/Monopoly</line>
</preamble>

<pid>14945</pid>
<ppid>14094</ppid>
<tool>memcheck</tool>

<args>
  <vargv>
    <exe>/usr/bin/valgrind.bin</exe>
    <arg>--leak-check=full</arg>
    <arg>--track-origins=yes</arg>
    <arg>--xml=yes</arg>
    <arg>--xml-file=/home/roua/Downloads/monopoly_versionSDL/monopoly/ValgrindOut.xml</arg>
  </vargv>
  <argv>
    <exe>/home/roua/Downloads/monopoly_versionSDL/monopoly/bin/Debug/Monopoly</exe>
  </argv>
</args>

<status>
  <state>RUNNING</state>
  <time>00:00:00:00.216 </time>
</status>

<error>
  <unique>0x2</unique>
  <tid>1</tid>
  <kind>UninitCondition</kind>
  <what>Conditional jump or move depends on uninitialised value(s)</what>
  <stack>
    <frame>
      <ip>0x5C77565</ip>
      <obj>/usr/lib/x86_64-linux-gnu/pulseaudio/libpulsecommon-13.99.so</obj>
      <fn>pa_shm_cleanup</fn>
    </frame>
    <frame>
      <ip>0x5C777A1</ip>
      <obj>/usr/lib/x86_64-linux-gnu/pulseaudio/libpulsecommon-13.99.so</obj>
      <fn>pa_shm_create_rw</fn>
    </frame>
    <frame>
      <ip>0x5C674B6</ip>
      <obj>/usr/lib/x86_64-linux-gnu/pulseaudio/libpulsecommon-13.99.so</obj>
      <fn>pa_mempool_new</fn>
    </frame>
    <frame>
      <ip>0x50559B1</ip>
      <obj>/usr/lib/x86_64-linux-gnu/libpulse.so.0.21.2</obj>
      <fn>pa_context_new_with_proplist</fn>
    </frame>
    <frame>
      <ip>0x4932D5E</ip>
      <obj>/usr/lib/x86_64-linux-gnu/libSDL2-2.0.so.0.10.0</obj>
    </frame>
    <frame>
      <ip>0x493365A</ip>
      <obj>/usr/lib/x86_64-linux-gnu/libSDL2-2.0.so.0.10.0</obj>
    </frame>
    <frame>
      <ip>0x4885D9B</ip>
      <obj>/usr/lib/x86_64-linux-gnu/libSDL2-2.0.so.0.10.0</obj>
    </frame>
    <frame>
      <ip>0x4881906</ip>
      <obj>/usr/lib/x86_64-linux-gnu/libSDL2-2.0.so.0.10.0</obj>
    </frame>
    <frame>
      <ip>0x10DCF4</ip>
      <obj>/home/roua/Downloads/monopoly_versionSDL/monopoly/bin/Debug/Monopoly</obj>
      <fn>sdlJeu::initialisaion()</fn>
      <dir>/home/roua/Downloads/monopoly_versionSDL/monopoly</dir>
      <file>sdl2jeu.cpp</file>
      <line>20</line>
    </frame>
    <frame>
      <ip>0x11126D</ip>
      <obj>/home/roua/Downloads/monopoly_versionSDL/monopoly/bin/Debug/Monopoly</obj>
      <fn>sdlJeu::sdl_jouer()</fn>
      <dir>/home/roua/Downloads/monopoly_versionSDL/monopoly</dir>
      <file>sdl2jeu.cpp</file>
      <line>721</line>
    </frame>
    <frame>
      <ip>0x10CD4F</ip>
      <obj>/home/roua/Downloads/monopoly_versionSDL/monopoly/bin/Debug/Monopoly</obj>
      <fn>main</fn>
      <dir>/home/roua/Documents/monopoly/monopoly</dir>
      <file>main.cpp</file>
      <line>7</line>
    </frame>
  </stack>
  <auxwhat>Uninitialised value was created by a heap allocation</auxwhat>
  <stack>
    <frame>
      <ip>0x483B7F3</ip>
      <obj>/usr/lib/x86_64-linux-gnu/valgrind/vgpreload_memcheck-amd64-linux.so</obj>
      <fn>malloc</fn>
    </frame>
    <frame>
      <ip>0x4CE4098</ip>
      <obj>/usr/lib/x86_64-linux-gnu/libc-2.31.so</obj>
      <fn>__alloc_dir</fn>
      <dir>/build/glibc-eX1tMB/glibc-2.31/dirent/../sysdeps/posix</dir>
      <file>opendir.c</file>
      <line>118</line>
    </frame>
    <frame>
      <ip>0x4CE4098</ip>
      <obj>/usr/lib/x86_64-linux-gnu/libc-2.31.so</obj>
      <fn>opendir_tail</fn>
      <dir>/build/glibc-eX1tMB/glibc-2.31/dirent/../sysdeps/posix</dir>
      <file>opendir.c</file>
      <line>69</line>
    </frame>
    <frame>
      <ip>0x4CE4098</ip>
      <obj>/usr/lib/x86_64-linux-gnu/libc-2.31.so</obj>
      <fn>opendir</fn>
      <dir>/build/glibc-eX1tMB/glibc-2.31/dirent/../sysdeps/posix</dir>
      <file>opendir.c</file>
      <line>92</line>
    </frame>
    <frame>
      <ip>0x5C7752F</ip>
      <obj>/usr/lib/x86_64-linux-gnu/pulseaudio/libpulsecommon-13.99.so</obj>
      <fn>pa_shm_cleanup</fn>
    </frame>
    <frame>
      <ip>0x5C777A1</ip>
      <obj>/usr/lib/x86_64-linux-gnu/pulseaudio/libpulsecommon-13.99.so</obj>
      <fn>pa_shm_create_rw</fn>
    </frame>
    <frame>
      <ip>0x5C674B6</ip>
      <obj>/usr/lib/x86_64-linux-gnu/pulseaudio/libpulsecommon-13.99.so</obj>
      <fn>pa_mempool_new</fn>
    </frame>
    <frame>
      <ip>0x50559B1</ip>
      <obj>/usr/lib/x86_64-linux-gnu/libpulse.so.0.21.2</obj>
      <fn>pa_context_new_with_proplist</fn>
    </frame>
    <frame>
      <ip>0x4932D5E</ip>
      <obj>/usr/lib/x86_64-linux-gnu/libSDL2-2.0.so.0.10.0</obj>
    </frame>
    <frame>
      <ip>0x493365A</ip>
      <obj>/usr/lib/x86_64-linux-gnu/libSDL2-2.0.so.0.10.0</obj>
    </frame>
    <frame>
      <ip>0x4885D9B</ip>
      <obj>/usr/lib/x86_64-linux-gnu/libSDL2-2.0.so.0.10.0</obj>
    </frame>
    <frame>
      <ip>0x4881906</ip>
      <obj>/usr/lib/x86_64-linux-gnu/libSDL2-2.0.so.0.10.0</obj>
    </frame>
    <frame>
      <ip>0x10DCF4</ip>
      <obj>/home/roua/Downloads/monopoly_versionSDL/monopoly/bin/Debug/Monopoly</obj>
      <fn>sdlJeu::initialisaion()</fn>
      <dir>/home/roua/Downloads/monopoly_versionSDL/monopoly</dir>
      <file>sdl2jeu.cpp</file>
      <line>20</line>
    </frame>
    <frame>
      <ip>0x11126D</ip>
      <obj>/home/roua/Downloads/monopoly_versionSDL/monopoly/bin/Debug/Monopoly</obj>
      <fn>sdlJeu::sdl_jouer()</fn>
      <dir>/home/roua/Downloads/monopoly_versionSDL/monopoly</dir>
      <file>sdl2jeu.cpp</file>
      <line>721</line>
    </frame>
  </stack>
</error>

